序号,模块名称,模块类型,供电类型（有源/无源）,线制,通道位号,场站名,场站编号,变量名称（HMI）,变量描述,数据类型,单位,保存历史,掉电保护,量程低限,量程高限,SLL设定值,SLL设定点位,SLL设定点位_PLC地址,SLL设定点位_通讯地址,SL设定值,SL设定点位,SL设定点位_PLC地址,SL设定点位_通讯地址,SH设定值,SH设定点位,SH设定点位_PLC地址,SH设定点位_通讯地址,SHH设定值,SHH设定点位,SHH设定点位_PLC地址,SHH设定点位_通讯地址,LL报警,LL报警_PLC地址,LL报警_通讯地址,L报警,L报警_PLC地址,L报警_通讯地址,H报警,H报警_PLC地址,H报警_通讯地址,HH报警,HH报警_PLC地址,HH报警_通讯地址,维护值设定,维护值设定点位,维护值设定点位_PLC地址,维护值设定点位_通讯地址,维护使能开关点位,维护使能开关点位_PLC地址,维护使能开关点位_通讯地址,PLC绝对地址,上位机通讯地址
1,LK411S,AI,无源,两线制,1_1_AI_0,路口铺门站,A110907,PT_1101,进站放空压力检测,REAL,MPa,是,是,0,6,,PT_1101_LoLoLimit,%MD324,43163,,PT_1101_LoLimit,%MD328,43165,,PT_1101_HiLimit,%MD332,43167,,PT_1101_HiHiLimit,%MD336,43169,PT_1101_LL,%MX20.0,3161,PT_1101_L,%MX20.1,3162,PT_1101_H,%MX20.2,3163,PT_1101_HH,%MX20.3,3164,,PT_1101_whz,%MD340,43171,PT_1101_whzzt,%MX20.4,3165,%MD320,43161
2,LK411S,AI,无源,两线制,1_1_AI_1,路口铺门站,A110907,PT_1102,进站压力检测,REAL,MPa,是,是,0,6,,PT_1102_LoLoLimit,%MD348,43175,,PT_1102_LoLimit,%MD352,43177,,PT_1102_HiLimit,%MD356,43179,,PT_1102_HiHiLimit,%MD360,43181,PT_1102_LL,%MX20.5,3166,PT_1102_L,%MX20.6,3167,PT_1102_H,%MX20.7,3168,PT_1102_HH,%MX21.0,3169,,PT_1102_whz,%MD364,43183,PT_1102_whzzt,%MX21.1,3170,%MD344,43173
3,LK411S,AI,无源,两线制,1_1_AI_2,路口铺门站,A110907,PT_1201,出站压力检测,REAL,MPa,是,是,0,6,,PT_1201_LoLoLimit,%MD372,43187,,PT_1201_LoLimit,%MD376,43189,,PT_1201_HiLimit,%MD380,43191,,PT_1201_HiHiLimit,%MD384,43193,PT_1201_LL,%MX21.2,3171,PT_1201_L,%MX21.3,3172,PT_1201_H,%MX21.4,3173,PT_1201_HH,%MX21.5,3174,,PT_1201_whz,%MD388,43195,PT_1201_whzzt,%MX21.6,3175,%MD368,43185
4,LK411S,AI,无源,两线制,1_1_AI_3,路口铺门站,A110907,PT_1202,出站放空压力检测,REAL,MPa,是,是,0,6,,PT_1202_LoLoLimit,%MD396,43199,,PT_1202_LoLimit,%MD400,43201,,PT_1202_HiLimit,%MD404,43203,,PT_1202_HiHiLimit,%MD408,43205,PT_1202_LL,%MX21.7,3176,PT_1202_L,%MX22.0,3177,PT_1202_H,%MX22.1,3178,PT_1202_HH,%MX22.2,3179,,PT_1202_whz,%MD412,43207,PT_1202_whzzt,%MX22.3,3180,%MD392,43197
5,LK411S,AI,无源,两线制,1_1_AI_4,路口铺门站,A110907,YLDW1_1_AI_4,1_1_AI_4预留点位,REAL,,是,是,,,,YLDW1_1_AI_4_LoLoLimit,%MD420,43211,,YLDW1_1_AI_4_LoLimit,%MD424,43213,,YLDW1_1_AI_4_HiLimit,%MD428,43215,,YLDW1_1_AI_4_HiHiLimit,%MD432,43217,YLDW1_1_AI_4_LL,%MX22.4,3181,YLDW1_1_AI_4_L,%MX22.5,3182,YLDW1_1_AI_4_H,%MX22.6,3183,YLDW1_1_AI_4_HH,%MX22.7,3184,,YLDW1_1_AI_4_whz,%MD436,43219,YLDW1_1_AI_4_whzzt,%MX23.0,3185,%MD416,43209
6,LK411S,AI,无源,两线制,1_1_AI_5,路口铺门站,A110907,YLDW1_1_AI_5,1_1_AI_5预留点位,REAL,,是,是,,,,YLDW1_1_AI_5_LoLoLimit,%MD444,43223,,YLDW1_1_AI_5_LoLimit,%MD448,43225,,YLDW1_1_AI_5_HiLimit,%MD452,43227,,YLDW1_1_AI_5_HiHiLimit,%MD456,43229,YLDW1_1_AI_5_LL,%MX23.1,3186,YLDW1_1_AI_5_L,%MX23.2,3187,YLDW1_1_AI_5_H,%MX23.3,3188,YLDW1_1_AI_5_HH,%MX23.4,3189,,YLDW1_1_AI_5_whz,%MD460,43231,YLDW1_1_AI_5_whzzt,%MX23.5,3190,%MD440,43221
7,LK411S,AI,无源,两线制,1_1_AI_6,路口铺门站,A110907,YLDW1_1_AI_6,1_1_AI_6预留点位,REAL,,是,是,,,,YLDW1_1_AI_6_LoLoLimit,%MD468,43235,,YLDW1_1_AI_6_LoLimit,%MD472,43237,,YLDW1_1_AI_6_HiLimit,%MD476,43239,,YLDW1_1_AI_6_HiHiLimit,%MD480,43241,YLDW1_1_AI_6_LL,%MX23.6,3191,YLDW1_1_AI_6_L,%MX23.7,3192,YLDW1_1_AI_6_H,%MX24.0,3193,YLDW1_1_AI_6_HH,%MX24.1,3194,,YLDW1_1_AI_6_whz,%MD484,43243,YLDW1_1_AI_6_whzzt,%MX24.2,3195,%MD464,43233
8,LK411S,AI,无源,两线制,1_1_AI_7,路口铺门站,A110907,YLDW1_1_AI_7,1_1_AI_7预留点位,REAL,,是,是,,,,YLDW1_1_AI_7_LoLoLimit,%MD492,43247,,YLDW1_1_AI_7_LoLimit,%MD496,43249,,YLDW1_1_AI_7_HiLimit,%MD500,43251,,YLDW1_1_AI_7_HiHiLimit,%MD504,43253,YLDW1_1_AI_7_LL,%MX24.3,3196,YLDW1_1_AI_7_L,%MX24.4,3197,YLDW1_1_AI_7_H,%MX24.5,3198,YLDW1_1_AI_7_HH,%MX24.6,3199,,YLDW1_1_AI_7_whz,%MD508,43255,YLDW1_1_AI_7_whzzt,%MX24.7,3200,%MD488,43245
9,LK630S,DI,无源,常开,1_2_DI_0,路口铺门站,A110907,ZSL_4201,B套安全切断阀关到位检测,BOOL,,是,是,,,,,,,,,,,,,,,,,,,,,,,,,,,,,,,,,,,,,,%MX25.0,3201
10,LK630S,DI,无源,常开,1_2_DI_1,路口铺门站,A110907,HS_9001,站场一级关断按钮(大门),BOOL,,是,是,,,,,,,,,,,,,,,,,,,,,,,,,,,,,,,,,,,,,,%MX25.1,3202
11,LK630S,DI,无源,常开,1_2_DI_2,路口铺门站,A110907,HS_9002,站场一级关断按钮(逃生门),BOOL,,是,是,,,,,,,,,,,,,,,,,,,,,,,,,,,,,,,,,,,,,,%MX25.2,3203
12,LK630S,DI,无源,常开,1_2_DI_3,路口铺门站,A110907,HS_9003,站场一级关断按钮(工艺区),BOOL,,是,是,,,,,,,,,,,,,,,,,,,,,,,,,,,,,,,,,,,,,,%MX25.3,3204
13,LK630S,DI,无源,常开,1_2_DI_4,路口铺门站,A110907,HS_9004,站场一级关断按钮(橇装机柜间),BOOL,,是,是,,,,,,,,,,,,,,,,,,,,,,,,,,,,,,,,,,,,,,%MX25.4,3205
14,LK630S,DI,无源,常开,1_2_DI_5,路口铺门站,A110907,YLDW1_2_DI_5,1_2_DI_5预留点位,BOOL,,是,是,,,,,,,,,,,,,,,,,,,,,,,,,,,,,,,,,,,,,,%MX25.5,3206
15,LK630S,DI,无源,常开,1_2_DI_6,路口铺门站,A110907,YLDW1_2_DI_6,1_2_DI_6预留点位,BOOL,,是,是,,,,,,,,,,,,,,,,,,,,,,,,,,,,,,,,,,,,,,%MX25.6,3207
16,LK630S,DI,无源,常开,1_2_DI_7,路口铺门站,A110907,YLDW1_2_DI_7,1_2_DI_7预留点位,BOOL,,是,是,,,,,,,,,,,,,,,,,,,,,,,,,,,,,,,,,,,,,,%MX25.7,3208
17,LK710S,DO,无源,常开,1_3_DO_0,路口铺门站,A110907,EXO_1105,进站放空电动阀ESD开阀,BOOL,,是,是,,,,,,,,,,,,,,,,,,,,,,,,,,,,,,,,,,,,,,%MX26.0,3209
18,LK710S,DO,无源,常开,1_3_DO_1,路口铺门站,A110907,YLDW1_3_DO_1,1_3_DO_1预留点位,BOOL,,是,是,,,,,,,,,,,,,,,,,,,,,,,,,,,,,,,,,,,,,,%MX26.1,3210
19,LK710S,DO,无源,常开,1_3_DO_2,路口铺门站,A110907,YLDW1_3_DO_2,1_3_DO_2预留点位,BOOL,,是,是,,,,,,,,,,,,,,,,,,,,,,,,,,,,,,,,,,,,,,%MX26.2,3211
20,LK710S,DO,有源,常开,1_3_DO_3,路口铺门站,A110907,EXC_1101,进站紧急切断阀ESD关,BOOL,,是,是,,,,,,,,,,,,,,,,,,,,,,,,,,,,,,,,,,,,,,%MX26.3,3212
21,LK710S,DO,有源,常开,1_3_DO_4,路口铺门站,A110907,EXC_1201,出站紧急切断阀ESD关,BOOL,,是,是,,,,,,,,,,,,,,,,,,,,,,,,,,,,,,,,,,,,,,%MX26.4,3213
22,LK710S,DO,有源,常开,1_3_DO_5,路口铺门站,A110907,EXC_6101,A套安全切断阀ESD关,BOOL,,是,是,,,,,,,,,,,,,,,,,,,,,,,,,,,,,,,,,,,,,,%MX26.5,3214
23,LK710S,DO,有源,常开,1_3_DO_6,路口铺门站,A110907,EXC_6201,B套安全切断阀ESD关,BOOL,,是,是,,,,,,,,,,,,,,,,,,,,,,,,,,,,,,,,,,,,,,%MX26.6,3215
24,LK710S,DO,有源,常开,1_3_DO_7,路口铺门站,A110907,YLDW1_3_DO_7,1_3_DO_7预留点位,BOOL,,是,是,,,,,,,,,,,,,,,,,,,,,,,,,,,,,,,,,,,,,,%MX26.7,3216
25,LK710S,DO,有源,常开,1_4_DO_0,路口铺门站,A110907,AA_9001,声光报警(大门),BOOL,,是,是,,,,,,,,,,,,,,,,,,,,,,,,,,,,,,,,,,,,,,%MX27.0,3217
26,LK710S,DO,有源,常开,1_4_DO_1,路口铺门站,A110907,AA_9002,声光报警((逃生门),BOOL,,是,是,,,,,,,,,,,,,,,,,,,,,,,,,,,,,,,,,,,,,,%MX27.1,3218
27,LK710S,DO,有源,常开,1_4_DO_2,路口铺门站,A110907,AA_9003,声光报警(工艺区),BOOL,,是,是,,,,,,,,,,,,,,,,,,,,,,,,,,,,,,,,,,,,,,%MX27.2,3219
28,LK710S,DO,有源,常开,1_4_DO_3,路口铺门站,A110907,AA_9004,声光报警(橇装机柜间),BOOL,,是,是,,,,,,,,,,,,,,,,,,,,,,,,,,,,,,,,,,,,,,%MX27.3,3220
29,LK710S,DO,有源,常开,1_4_DO_4,路口铺门站,A110907,HS_9201,非消防电源切断信号,BOOL,,是,是,,,,,,,,,,,,,,,,,,,,,,,,,,,,,,,,,,,,,,%MX27.4,3221
30,LK710S,DO,有源,常开,1_4_DO_5,路口铺门站,A110907,YLDW1_4_DO_5,1_4_DO_5预留点位,BOOL,,是,是,,,,,,,,,,,,,,,,,,,,,,,,,,,,,,,,,,,,,,%MX27.5,3222
31,LK710S,DO,有源,常开,1_4_DO_6,路口铺门站,A110907,YLDW1_4_DO_6,1_4_DO_6预留点位,BOOL,,是,是,,,,,,,,,,,,,,,,,,,,,,,,,,,,,,,,,,,,,,%MX27.6,3223
32,LK710S,DO,有源,常开,1_4_DO_7,路口铺门站,A110907,YLDW1_4_DO_7,1_4_DO_7预留点位,BOOL,,是,是,,,,,,,,,,,,,,,,,,,,,,,,,,,,,,,,,,,,,,%MX27.7,3224
33,LK411,AI,无源,两线制,2_1_AI_0,路口铺门站,A110907,TT_1101,进站温度检测,REAL,℃,是,是,-20,80,,TT_1101_LoLoLimit,%MD516,43259,,TT_1101_LoLimit,%MD520,43261,,TT_1101_HiLimit,%MD524,43263,,TT_1101_HiHiLimit,%MD528,43265,TT_1101_LL,%MX28.0,3225,TT_1101_L,%MX28.1,3226,TT_1101_H,%MX28.2,3227,TT_1101_HH,%MX28.3,3228,,TT_1101_whz,%MD532,43267,TT_1101_whzzt,%MX28.4,3229,%MD512,43257
34,LK411,AI,无源,两线制,2_1_AI_1,路口铺门站,A110907,TT_1201,出站温度检测,REAL,℃,是,是,-20,80,,TT_1201_LoLoLimit,%MD540,43271,,TT_1201_LoLimit,%MD544,43273,,TT_1201_HiLimit,%MD548,43275,,TT_1201_HiHiLimit,%MD552,43277,TT_1201_LL,%MX28.5,3230,TT_1201_L,%MX28.6,3231,TT_1201_H,%MX28.7,3232,TT_1201_HH,%MX29.0,3233,,TT_1201_whz,%MD556,43279,TT_1201_whzzt,%MX29.1,3234,%MD536,43269
35,LK411,AI,无源,两线制,2_1_AI_2,路口铺门站,A110907,PT_1203,出站放空压力检测,REAL,MPa,是,是,0,6,,PT_1203_LoLoLimit,%MD564,43283,,PT_1203_LoLimit,%MD568,43285,,PT_1203_HiLimit,%MD572,43287,,PT_1203_HiHiLimit,%MD576,43289,PT_1203_LL,%MX29.2,3235,PT_1203_L,%MX29.3,3236,PT_1203_H,%MX29.4,3237,PT_1203_HH,%MX29.5,3238,,PT_1203_whz,%MD580,43291,PT_1203_whzzt,%MX29.6,3239,%MD560,43281
36,LK411,AI,无源,两线制,2_1_AI_3,路口铺门站,A110907,PT_6101,A套调压橇后压力检测,REAL,MPa,是,是,0,6,,PT_6101_LoLoLimit,%MD588,43295,,PT_6101_LoLimit,%MD592,43297,,PT_6101_HiLimit,%MD596,43299,,PT_6101_HiHiLimit,%MD600,43301,PT_6101_LL,%MX29.7,3240,PT_6101_L,%MX30.0,3241,PT_6101_H,%MX30.1,3242,PT_6101_HH,%MX30.2,3243,,PT_6101_whz,%MD604,43303,PT_6101_whzzt,%MX30.3,3244,%MD584,43293
37,LK411,AI,无源,两线制,2_1_AI_4,路口铺门站,A110907,PT_6201,B套调压橇后压力检测,REAL,MPa,是,是,0,6,,PT_6201_LoLoLimit,%MD612,43307,,PT_6201_LoLimit,%MD616,43309,,PT_6201_HiLimit,%MD620,43311,,PT_6201_HiHiLimit,%MD624,43313,PT_6201_LL,%MX30.4,3245,PT_6201_L,%MX30.5,3246,PT_6201_H,%MX30.6,3247,PT_6201_HH,%MX30.7,3248,,PT_6201_whz,%MD628,43315,PT_6201_whzzt,%MX31.0,3249,%MD608,43305
38,LK411,AI,无源,两线制,2_1_AI_5,路口铺门站,A110907,PdT_2101,A套过滤器差压检测,REAL,MPa,是,是,0,100,,PdT_2101_LoLoLimit,%MD636,43319,,PdT_2101_LoLimit,%MD640,43321,,PdT_2101_HiLimit,%MD644,43323,,PdT_2101_HiHiLimit,%MD648,43325,PdT_2101_LL,%MX31.1,3250,PdT_2101_L,%MX31.2,3251,PdT_2101_H,%MX31.3,3252,PdT_2101_HH,%MX31.4,3253,,PdT_2101_whz,%MD652,43327,PdT_2101_whzzt,%MX31.5,3254,%MD632,43317
39,LK411,AI,无源,两线制,2_1_AI_6,路口铺门站,A110907,PdT_2201,B套过滤器差压检测,REAL,,是,是,0,100,,PdT_2201_LoLoLimit,%MD660,43331,,PdT_2201_LoLimit,%MD664,43333,,PdT_2201_HiLimit,%MD668,43335,,PdT_2201_HiHiLimit,%MD672,43337,PdT_2201_LL,%MX31.6,3255,PdT_2201_L,%MX31.7,3256,PdT_2201_H,%MX32.0,3257,PdT_2201_HH,%MX32.1,3258,,PdT_2201_whz,%MD676,43339,PdT_2201_whzzt,%MX32.2,3259,%MD656,43329
40,LK411,AI,无源,两线制,2_1_AI_7,路口铺门站,A110907,YLDW2_1_AI_7,2_1_AI_7预留点位,REAL,,是,是,,,,YLDW2_1_AI_7_LoLoLimit,%MD684,43343,,YLDW2_1_AI_7_LoLimit,%MD688,43345,,YLDW2_1_AI_7_HiLimit,%MD692,43347,,YLDW2_1_AI_7_HiHiLimit,%MD696,43349,YLDW2_1_AI_7_LL,%MX32.3,3260,YLDW2_1_AI_7_L,%MX32.4,3261,YLDW2_1_AI_7_H,%MX32.5,3262,YLDW2_1_AI_7_HH,%MX32.6,3263,,YLDW2_1_AI_7_whz,%MD700,43351,YLDW2_1_AI_7_whzzt,%MX32.7,3264,%MD680,43341
41,LK411,AI,无源,两线制,2_2_AI_0,路口铺门站,A110907,YLDW2_2_AI_0,2_2_AI_0预留点位,REAL,,是,是,,,,YLDW2_2_AI_0_LoLoLimit,%MD708,43355,,YLDW2_2_AI_0_LoLimit,%MD712,43357,,YLDW2_2_AI_0_HiLimit,%MD716,43359,,YLDW2_2_AI_0_HiHiLimit,%MD720,43361,YLDW2_2_AI_0_LL,%MX33.0,3265,YLDW2_2_AI_0_L,%MX33.1,3266,YLDW2_2_AI_0_H,%MX33.2,3267,YLDW2_2_AI_0_HH,%MX33.3,3268,,YLDW2_2_AI_0_whz,%MD724,43363,YLDW2_2_AI_0_whzzt,%MX33.4,3269,%MD704,43353
42,LK411,AI,无源,两线制,2_2_AI_1,路口铺门站,A110907,YLDW2_2_AI_1,2_2_AI_1预留点位,REAL,,是,是,,,,YLDW2_2_AI_1_LoLoLimit,%MD732,43367,,YLDW2_2_AI_1_LoLimit,%MD736,43369,,YLDW2_2_AI_1_HiLimit,%MD740,43371,,YLDW2_2_AI_1_HiHiLimit,%MD744,43373,YLDW2_2_AI_1_LL,%MX33.5,3270,YLDW2_2_AI_1_L,%MX33.6,3271,YLDW2_2_AI_1_H,%MX33.7,3272,YLDW2_2_AI_1_HH,%MX34.0,3273,,YLDW2_2_AI_1_whz,%MD748,43375,YLDW2_2_AI_1_whzzt,%MX34.1,3274,%MD728,43365
43,LK411,AI,有源,两线制,2_2_AI_2,路口铺门站,A110907,XZ_6101,A套监控调压阀位检测,REAL,％,是,是,0,10,,XZ_6101_LoLoLimit,%MD756,43379,,XZ_6101_LoLimit,%MD760,43381,,XZ_6101_HiLimit,%MD764,43383,,XZ_6101_HiHiLimit,%MD768,43385,XZ_6101_LL,%MX34.2,3275,XZ_6101_L,%MX34.3,3276,XZ_6101_H,%MX34.4,3277,XZ_6101_HH,%MX34.5,3278,,XZ_6101_whz,%MD772,43387,XZ_6101_whzzt,%MX34.6,3279,%MD752,43377
44,LK411,AI,有源,两线制,2_2_AI_3,路口铺门站,A110907,XZ_6102,A套调压橇工作调节阀阀位指示,REAL,％,是,是,0,100,,XZ_6102_LoLoLimit,%MD780,43391,,XZ_6102_LoLimit,%MD784,43393,,XZ_6102_HiLimit,%MD788,43395,,XZ_6102_HiHiLimit,%MD792,43397,XZ_6102_LL,%MX34.7,3280,XZ_6102_L,%MX35.0,3281,XZ_6102_H,%MX35.1,3282,XZ_6102_HH,%MX35.2,3283,,XZ_6102_whz,%MD796,43399,XZ_6102_whzzt,%MX35.3,3284,%MD776,43389
45,LK411,AI,有源,两线制,2_2_AI_4,路口铺门站,A110907,XZ_6201,B套监控调压阀位检测,REAL,％,是,是,0,100,,XZ_6201_LoLoLimit,%MD804,43403,,XZ_6201_LoLimit,%MD808,43405,,XZ_6201_HiLimit,%MD812,43407,,XZ_6201_HiHiLimit,%MD816,43409,XZ_6201_LL,%MX35.4,3285,XZ_6201_L,%MX35.5,3286,XZ_6201_H,%MX35.6,3287,XZ_6201_HH,%MX35.7,3288,,XZ_6201_whz,%MD820,43411,XZ_6201_whzzt,%MX36.0,3289,%MD800,43401
46,LK411,AI,有源,两线制,2_2_AI_5,路口铺门站,A110907,XZ_6202,B套调压橇工作调节阀阀位指示,REAL,％,是,是,0,100,,XZ_6202_LoLoLimit,%MD828,43415,,XZ_6202_LoLimit,%MD832,43417,,XZ_6202_HiLimit,%MD836,43419,,XZ_6202_HiHiLimit,%MD840,43421,XZ_6202_LL,%MX36.1,3290,XZ_6202_L,%MX36.2,3291,XZ_6202_H,%MX36.3,3292,XZ_6202_HH,%MX36.4,3293,,XZ_6202_whz,%MD844,43423,XZ_6202_whzzt,%MX36.5,3294,%MD824,43413
47,LK411,AI,有源,两线制,2_2_AI_6,路口铺门站,A110907,TT_0001_1,橇装机柜间温度检测,REAL,％,是,是,-20,80,,TT_0001_1_LoLoLimit,%MD852,43427,,TT_0001_1_LoLimit,%MD856,43429,,TT_0001_1_HiLimit,%MD860,43431,,TT_0001_1_HiHiLimit,%MD864,43433,TT_0001_1_LL,%MX36.6,3295,TT_0001_1_L,%MX36.7,3296,TT_0001_1_H,%MX37.0,3297,TT_0001_1_HH,%MX37.1,3298,,TT_0001_1_whz,%MD868,43435,TT_0001_1_whzzt,%MX37.2,3299,%MD848,43425
48,LK411,AI,有源,两线制,2_2_AI_7,路口铺门站,A110907,HT_0001_1,橇装机柜间湿度检测,REAL,％,是,是,0,100,,HT_0001_1_LoLoLimit,%MD876,43439,,HT_0001_1_LoLimit,%MD880,43441,,HT_0001_1_HiLimit,%MD884,43443,,HT_0001_1_HiHiLimit,%MD888,43445,HT_0001_1_LL,%MX37.3,3300,HT_0001_1_L,%MX37.4,3301,HT_0001_1_H,%MX37.5,3302,HT_0001_1_HH,%MX37.6,3303,,HT_0001_1_whz,%MD892,43447,HT_0001_1_whzzt,%MX37.7,3304,%MD872,43437
49,LK511,AO,有源,两线制,2_3_AO_0,路口铺门站,A110907,XC_6101,A套调压橇工作调节阀阀位控制,REAL,％,是,是,0,100,,,,,,,,,,,,,,,,,,,,,,,,,,,,,,,,,,,,%MD896,43449
50,LK511,AO,有源,两线制,2_3_AO_1,路口铺门站,A110907,XC_6201,B套调压橇工作调节阀阀位控制,REAL,％,是,是,0,100,,,,,,,,,,,,,,,,,,,,,,,,,,,,,,,,,,,,%MD900,43451
51,LK511,AO,有源,两线制,2_3_AO_2,路口铺门站,A110907,HS_1209,加臭橇流量反馈,REAL,％,是,是,0,100,,,,,,,,,,,,,,,,,,,,,,,,,,,,,,,,,,,,%MD904,43453
52,LK511,AO,有源,两线制,2_3_AO_3,路口铺门站,A110907,YLDW2_3_AO_3,2_3_AO_3预留点位,REAL,,是,是,,,,,,,,,,,,,,,,,,,,,,,,,,,,,,,,,,,,,,%MD908,43455
53,LK610,DI,无源,常闭,2_4_DI_0,路口铺门站,A110907,XS_1101,进站紧急切断阀控制方式,BOOL,,是,是,,,,,,,,,,,,,,,,,,,,,,,,,,,,,,,,,,,,,,%MX38.0,3305
54,LK610,DI,无源,常开,2_4_DI_1,路口铺门站,A110907,ZSH_1101,进站紧急切断阀开到位检测,BOOL,,是,是,,,,,,,,,,,,,,,,,,,,,,,,,,,,,,,,,,,,,,%MX38.1,3306
55,LK610,DI,无源,常开,2_4_DI_2,路口铺门站,A110907,ZSL_1101,进站紧急切断阀关到位检测,BOOL,,是,是,,,,,,,,,,,,,,,,,,,,,,,,,,,,,,,,,,,,,,%MX38.2,3307
56,LK610,DI,无源,常闭,2_4_DI_3,路口铺门站,A110907,XS_1105,进站放空电动阀控制方式,BOOL,,是,是,,,,,,,,,,,,,,,,,,,,,,,,,,,,,,,,,,,,,,%MX38.3,3308
57,LK610,DI,无源,常开,2_4_DI_4,路口铺门站,A110907,ZSH_1105,进站放空电动阀开到位检测,BOOL,,是,是,,,,,,,,,,,,,,,,,,,,,,,,,,,,,,,,,,,,,,%MX38.4,3309
58,LK610,DI,无源,常开,2_4_DI_5,路口铺门站,A110907,ZSL_1105,进站放空电动阀关到位检测,BOOL,,是,是,,,,,,,,,,,,,,,,,,,,,,,,,,,,,,,,,,,,,,%MX38.5,3310
59,LK610,DI,无源,常闭,2_4_DI_6,路口铺门站,A110907,UIA_1105,进站放空电动执行机构过扭矩报警,BOOL,,是,是,,,,,,,,,,,,,,,,,,,,,,,,,,,,,,,,,,,,,,%MX38.6,3311
60,LK610,DI,无源,常闭,2_4_DI_7,路口铺门站,A110907,UA_1105,进站放空电动执行机构综合故障,BOOL,,是,是,,,,,,,,,,,,,,,,,,,,,,,,,,,,,,,,,,,,,,%MX38.7,3312
61,LK610,DI,无源,常闭,2_4_DI_8,路口铺门站,A110907,XS_2101,A套过滤器出口电动阀控制方式,BOOL,,是,是,,,,,,,,,,,,,,,,,,,,,,,,,,,,,,,,,,,,,,%MX39.0,3313
62,LK610,DI,无源,常开,2_4_DI_9,路口铺门站,A110907,ZSH_2101,A套过滤器出口电动阀开到位检测,BOOL,,是,是,,,,,,,,,,,,,,,,,,,,,,,,,,,,,,,,,,,,,,%MX39.1,3314
63,LK610,DI,无源,常开,2_4_DI_10,路口铺门站,A110907,ZSL_2101,A套过滤器出口电动阀关到位检测,BOOL,,是,是,,,,,,,,,,,,,,,,,,,,,,,,,,,,,,,,,,,,,,%MX39.2,3315
64,LK610,DI,无源,常闭,2_4_DI_11,路口铺门站,A110907,UIA_2101,A套过滤器出口电动执行机构过扭矩报警,BOOL,,是,是,,,,,,,,,,,,,,,,,,,,,,,,,,,,,,,,,,,,,,%MX39.3,3316
65,LK610,DI,无源,常闭,2_4_DI_12,路口铺门站,A110907,UA_2101,A套过滤器出口电动阀综合故障,BOOL,,是,是,,,,,,,,,,,,,,,,,,,,,,,,,,,,,,,,,,,,,,%MX39.4,3317
66,LK610,DI,无源,常闭,2_4_DI_13,路口铺门站,A110907,YLDW2_4_DI_13,2_4_DI_13预留点位,BOOL,,是,是,,,,,,,,,,,,,,,,,,,,,,,,,,,,,,,,,,,,,,%MX39.5,3318
67,LK610,DI,无源,常闭,2_4_DI_14,路口铺门站,A110907,YLDW2_4_DI_14,2_4_DI_14预留点位,BOOL,,是,是,,,,,,,,,,,,,,,,,,,,,,,,,,,,,,,,,,,,,,%MX39.6,3319
68,LK610,DI,无源,常闭,2_4_DI_15,路口铺门站,A110907,YLDW2_4_DI_15,2_4_DI_15预留点位,BOOL,,是,是,,,,,,,,,,,,,,,,,,,,,,,,,,,,,,,,,,,,,,%MX39.7,3320
69,LK610,DI,无源,常闭,2_5_DI_0,路口铺门站,A110907,XS_2201,B套过滤器出口电动阀控制方式,BOOL,,是,是,,,,,,,,,,,,,,,,,,,,,,,,,,,,,,,,,,,,,,%MX40.0,3321
70,LK610,DI,无源,常开,2_5_DI_1,路口铺门站,A110907,ZSH_2201,B套过滤器出口电动阀开到位检测,BOOL,,是,是,,,,,,,,,,,,,,,,,,,,,,,,,,,,,,,,,,,,,,%MX40.1,3322
71,LK610,DI,无源,常开,2_5_DI_2,路口铺门站,A110907,ZSL_2201,B套过滤器出口电动阀关到位检测,BOOL,,是,是,,,,,,,,,,,,,,,,,,,,,,,,,,,,,,,,,,,,,,%MX40.2,3323
72,LK610,DI,无源,常闭,2_5_DI_3,路口铺门站,A110907,UIA_2201,B套过滤器出口电动执行机构过扭矩报警,BOOL,,是,是,,,,,,,,,,,,,,,,,,,,,,,,,,,,,,,,,,,,,,%MX40.3,3324
73,LK610,DI,无源,常闭,2_5_DI_4,路口铺门站,A110907,UA_2201,B套过滤器出口电动阀综合故障,BOOL,,是,是,,,,,,,,,,,,,,,,,,,,,,,,,,,,,,,,,,,,,,%MX40.4,3325
74,LK610,DI,无源,常闭,2_5_DI_5,路口铺门站,A110907,XS_5101,A套计量系统电动阀控制方式,BOOL,,是,是,,,,,,,,,,,,,,,,,,,,,,,,,,,,,,,,,,,,,,%MX40.5,3326
75,LK610,DI,无源,常开,2_5_DI_6,路口铺门站,A110907,ZSH_5101,A套计量系统电动阀开到位检测,BOOL,,是,是,,,,,,,,,,,,,,,,,,,,,,,,,,,,,,,,,,,,,,%MX40.6,3327
76,LK610,DI,无源,常开,2_5_DI_7,路口铺门站,A110907,ZSL_5101,A套计量系统电动阀关到位检测,BOOL,,是,是,,,,,,,,,,,,,,,,,,,,,,,,,,,,,,,,,,,,,,%MX40.7,3328
77,LK610,DI,无源,常闭,2_5_DI_8,路口铺门站,A110907,UIA_5101,A套计量系统电动执行机构过扭矩报警,BOOL,,是,是,,,,,,,,,,,,,,,,,,,,,,,,,,,,,,,,,,,,,,%MX41.0,3329
78,LK610,DI,无源,常闭,2_5_DI_9,路口铺门站,A110907,UA_5101,A套计量系统电动阀综合故障,BOOL,,是,是,,,,,,,,,,,,,,,,,,,,,,,,,,,,,,,,,,,,,,%MX41.1,3330
79,LK610,DI,无源,常闭,2_5_DI_10,路口铺门站,A110907,XS_5201,B套计量系统电动阀控制方式,BOOL,,是,是,,,,,,,,,,,,,,,,,,,,,,,,,,,,,,,,,,,,,,%MX41.2,3331
80,LK610,DI,无源,常开,2_5_DI_11,路口铺门站,A110907,ZSH_5201,B套计量系统电动阀开到位检测,BOOL,,是,是,,,,,,,,,,,,,,,,,,,,,,,,,,,,,,,,,,,,,,%MX41.3,3332
81,LK610,DI,无源,常开,2_5_DI_12,路口铺门站,A110907,ZSL_5201,B套计量系统电动阀关到位检测,BOOL,,是,是,,,,,,,,,,,,,,,,,,,,,,,,,,,,,,,,,,,,,,%MX41.4,3333
82,LK610,DI,无源,常闭,2_5_DI_13,路口铺门站,A110907,UIA_5201,B套计量系统电动执行机构过扭矩报警,BOOL,,是,是,,,,,,,,,,,,,,,,,,,,,,,,,,,,,,,,,,,,,,%MX41.5,3334
83,LK610,DI,无源,常闭,2_5_DI_14,路口铺门站,A110907,UA_5201,B套计量系统电动阀综合故障,BOOL,,是,是,,,,,,,,,,,,,,,,,,,,,,,,,,,,,,,,,,,,,,%MX41.6,3335
84,LK610,DI,无源,常闭,2_5_DI_15,路口铺门站,A110907,YLDW2_5_DI_15,2_5_DI_15预留点位,BOOL,,是,是,,,,,,,,,,,,,,,,,,,,,,,,,,,,,,,,,,,,,,%MX41.7,3336
85,LK610,DI,无源,常闭,2_6_DI_0,路口铺门站,A110907,XS_6101,A套调压系统入口电动阀控制方式,BOOL,,是,是,,,,,,,,,,,,,,,,,,,,,,,,,,,,,,,,,,,,,,%MX42.0,3337
86,LK610,DI,无源,常开,2_6_DI_1,路口铺门站,A110907,ZSH_6101,A套调压系统入口电动阀开到位检测,BOOL,,是,是,,,,,,,,,,,,,,,,,,,,,,,,,,,,,,,,,,,,,,%MX42.1,3338
87,LK610,DI,无源,常开,2_6_DI_2,路口铺门站,A110907,ZSL_6101,A套调压系统入口电动阀关到位检测,BOOL,,是,是,,,,,,,,,,,,,,,,,,,,,,,,,,,,,,,,,,,,,,%MX42.2,3339
88,LK610,DI,无源,常闭,2_6_DI_3,路口铺门站,A110907,UIA_6101,A套调压系统入口电动执行机构过扭矩报警,BOOL,,是,是,,,,,,,,,,,,,,,,,,,,,,,,,,,,,,,,,,,,,,%MX42.3,3340
89,LK610,DI,无源,常闭,2_6_DI_4,路口铺门站,A110907,UA_6101,A套调压系统入口电动阀综合故障,BOOL,,是,是,,,,,,,,,,,,,,,,,,,,,,,,,,,,,,,,,,,,,,%MX42.4,3341
90,LK610,DI,无源,常闭,2_6_DI_5,路口铺门站,A110907,SSVZSL_6101,A套安全切断阀关到位检测,BOOL,,是,是,,,,,,,,,,,,,,,,,,,,,,,,,,,,,,,,,,,,,,%MX42.5,3342
91,LK610,DI,无源,常闭,2_6_DI_6,路口铺门站,A110907,PVXS_6101,A套调压橇工作调节阀控制方式,BOOL,,是,是,,,,,,,,,,,,,,,,,,,,,,,,,,,,,,,,,,,,,,%MX42.6,3343
92,LK610,DI,无源,常闭,2_6_DI_7,路口铺门站,A110907,PVUA_6101,A套调压橇工作调节阀综合故障,BOOL,,是,是,,,,,,,,,,,,,,,,,,,,,,,,,,,,,,,,,,,,,,%MX42.7,3344
93,LK610,DI,无源,常闭,2_6_DI_8,路口铺门站,A110907,XS_6201,B套调压系统入口电动阀控制方式,BOOL,,是,是,,,,,,,,,,,,,,,,,,,,,,,,,,,,,,,,,,,,,,%MX43.0,3345
94,LK610,DI,无源,常开,2_6_DI_9,路口铺门站,A110907,ZSH_6201,B套调压系统入口电动阀开到位检测,BOOL,,是,是,,,,,,,,,,,,,,,,,,,,,,,,,,,,,,,,,,,,,,%MX43.1,3346
95,LK610,DI,无源,常开,2_6_DI_10,路口铺门站,A110907,ZSL_6201,B套调压系统入口电动阀关到位检测,BOOL,,是,是,,,,,,,,,,,,,,,,,,,,,,,,,,,,,,,,,,,,,,%MX43.2,3347
96,LK610,DI,无源,常闭,2_6_DI_11,路口铺门站,A110907,UIA_6201,B套调压系统入口电动执行机构过扭矩报警,BOOL,,是,是,,,,,,,,,,,,,,,,,,,,,,,,,,,,,,,,,,,,,,%MX43.3,3348
97,LK610,DI,无源,常闭,2_6_DI_12,路口铺门站,A110907,UA_6201,B套调压系统入口电动阀综合故障,BOOL,,是,是,,,,,,,,,,,,,,,,,,,,,,,,,,,,,,,,,,,,,,%MX43.4,3349
98,LK610,DI,无源,常闭,2_6_DI_13,路口铺门站,A110907,SSVZSL_6201,B套安全切断阀关到位检测,BOOL,,是,是,,,,,,,,,,,,,,,,,,,,,,,,,,,,,,,,,,,,,,%MX43.5,3350
99,LK610,DI,无源,常闭,2_6_DI_14,路口铺门站,A110907,PVXS_6201,B套调压橇工作调节阀控制方式,BOOL,,是,是,,,,,,,,,,,,,,,,,,,,,,,,,,,,,,,,,,,,,,%MX43.6,3351
100,LK610,DI,无源,常闭,2_6_DI_15,路口铺门站,A110907,PVUA_6201,B套调压橇工作调节阀综合故障,BOOL,,是,是,,,,,,,,,,,,,,,,,,,,,,,,,,,,,,,,,,,,,,%MX43.7,3352
101,LK610,DI,无源,常闭,2_7_DI_0,路口铺门站,A110907,XS_1201,出站紧急切断阀控制方式,BOOL,,是,是,,,,,,,,,,,,,,,,,,,,,,,,,,,,,,,,,,,,,,%MX44.0,3353
102,LK610,DI,无源,常开,2_7_DI_1,路口铺门站,A110907,ZSH_1201,出站紧急切断阀开到位检测,BOOL,,是,是,,,,,,,,,,,,,,,,,,,,,,,,,,,,,,,,,,,,,,%MX44.1,3354
103,LK610,DI,无源,常开,2_7_DI_2,路口铺门站,A110907,ZSL_1201,出站紧急切断阀关到位检测,BOOL,,是,是,,,,,,,,,,,,,,,,,,,,,,,,,,,,,,,,,,,,,,%MX44.2,3355
104,LK610,DI,无源,常闭,2_7_DI_3,路口铺门站,A110907,XS_1202,出站放空电动阀控制方式,BOOL,,是,是,,,,,,,,,,,,,,,,,,,,,,,,,,,,,,,,,,,,,,%MX44.3,3356
105,LK610,DI,无源,常开,2_7_DI_4,路口铺门站,A110907,ZSH_1202,出站放空电动阀开到位检测,BOOL,,是,是,,,,,,,,,,,,,,,,,,,,,,,,,,,,,,,,,,,,,,%MX44.4,3357
106,LK610,DI,无源,常开,2_7_DI_5,路口铺门站,A110907,ZSL_1202,出站放空电动阀关到位检测,BOOL,,是,是,,,,,,,,,,,,,,,,,,,,,,,,,,,,,,,,,,,,,,%MX44.5,3358
107,LK610,DI,无源,常闭,2_7_DI_6,路口铺门站,A110907,UIA_1202,出站放空电动执行机构过扭矩报警,BOOL,,是,是,,,,,,,,,,,,,,,,,,,,,,,,,,,,,,,,,,,,,,%MX44.6,3359
108,LK610,DI,无源,常闭,2_7_DI_7,路口铺门站,A110907,UA_1202,出站放空电动执行机构综合故障,BOOL,,是,是,,,,,,,,,,,,,,,,,,,,,,,,,,,,,,,,,,,,,,%MX44.7,3360
109,LK610,DI,无源,常开,2_7_DI_8,路口铺门站,A110907,YS_1201,去滨江工业园管线通球检测,BOOL,,是,是,,,,,,,,,,,,,,,,,,,,,,,,,,,,,,,,,,,,,,%MX45.0,3361
110,LK610,DI,无源,常开,2_7_DI_9,路口铺门站,A110907,DS_1101,橇装机柜间行程开关,BOOL,,是,是,,,,,,,,,,,,,,,,,,,,,,,,,,,,,,,,,,,,,,%MX45.1,3362
111,LK610,DI,无源,常闭,2_7_DI_10,路口铺门站,A110907,SD_0001_1,橇装机柜间烟感探测器报警信号,BOOL,,是,是,,,,,,,,,,,,,,,,,,,,,,,,,,,,,,,,,,,,,,%MX45.2,3363
112,LK610,DI,无源,常闭,2_7_DI_11,路口铺门站,A110907,SH_0001_1,橇装机柜间温感探测器报警信号,BOOL,,是,是,,,,,,,,,,,,,,,,,,,,,,,,,,,,,,,,,,,,,,%MX45.3,3364
113,LK610,DI,无源,常开,2_7_DI_12,路口铺门站,A110907,ZI_0001,发电机的运行状态,BOOL,,是,是,,,,,,,,,,,,,,,,,,,,,,,,,,,,,,,,,,,,,,%MX45.4,3365
114,LK610,DI,无源,常开,2_7_DI_13,路口铺门站,A110907,YLDW2_7_DI_13,2_7_DI_13预留点位,BOOL,,是,是,,,,,,,,,,,,,,,,,,,,,,,,,,,,,,,,,,,,,,%MX45.5,3366
115,LK610,DI,无源,常开,2_7_DI_14,路口铺门站,A110907,YLDW2_7_DI_14,2_7_DI_14预留点位,BOOL,,是,是,,,,,,,,,,,,,,,,,,,,,,,,,,,,,,,,,,,,,,%MX45.6,3367
116,LK610,DI,无源,常开,2_7_DI_15,路口铺门站,A110907,YLDW2_7_DI_15,2_7_DI_15预留点位,BOOL,,是,是,,,,,,,,,,,,,,,,,,,,,,,,,,,,,,,,,,,,,,%MX45.7,3368
117,LK710,DO,无源,常开,2_8_DO_0,路口铺门站,A110907,X0_1105,进站放空电动阀开控制,BOOL,,是,是,,,,,,,,,,,,,,,,,,,,,,,,,,,,,,,,,,,,,,%MX46.0,3369
118,LK710,DO,无源,常开,2_8_DO_1,路口铺门站,A110907,XC_1105,进站放空电动阀关控制,BOOL,,是,是,,,,,,,,,,,,,,,,,,,,,,,,,,,,,,,,,,,,,,%MX46.1,3370
119,LK710,DO,无源,常开,2_8_DO_2,路口铺门站,A110907,X0_2101,A套过滤器出口电动阀开控制,BOOL,,是,是,,,,,,,,,,,,,,,,,,,,,,,,,,,,,,,,,,,,,,%MX46.2,3371
120,LK710,DO,无源,常开,2_8_DO_3,路口铺门站,A110907,XC_2101,A套过滤器出口电动阀关控制,BOOL,,是,是,,,,,,,,,,,,,,,,,,,,,,,,,,,,,,,,,,,,,,%MX46.3,3372
121,LK710,DO,无源,常开,2_8_DO_4,路口铺门站,A110907,X0_2201,B套过滤器出口电动阀开控制,BOOL,,是,是,,,,,,,,,,,,,,,,,,,,,,,,,,,,,,,,,,,,,,%MX46.4,3373
122,LK710,DO,无源,常开,2_8_DO_5,路口铺门站,A110907,XC_2201,B套过滤器出口电动阀关控制,BOOL,,是,是,,,,,,,,,,,,,,,,,,,,,,,,,,,,,,,,,,,,,,%MX46.5,3374
123,LK710,DO,无源,常开,2_8_DO_6,路口铺门站,A110907,X0_5101,A套计量系统电动阀开控制,BOOL,,是,是,,,,,,,,,,,,,,,,,,,,,,,,,,,,,,,,,,,,,,%MX46.6,3375
124,LK710,DO,无源,常开,2_8_DO_7,路口铺门站,A110907,XC_5101,A套计量系统电动阀关控制,BOOL,,是,是,,,,,,,,,,,,,,,,,,,,,,,,,,,,,,,,,,,,,,%MX46.7,3376
125,LK710,DO,无源,常开,2_8_DO_8,路口铺门站,A110907,X0_5201,B套计量系统电动阀开控制,BOOL,,是,是,,,,,,,,,,,,,,,,,,,,,,,,,,,,,,,,,,,,,,%MX47.0,3377
126,LK710,DO,无源,常开,2_8_DO_9,路口铺门站,A110907,XC_5201,B套计量系统电动阀关控制,BOOL,,是,是,,,,,,,,,,,,,,,,,,,,,,,,,,,,,,,,,,,,,,%MX47.1,3378
127,LK710,DO,无源,常开,2_8_DO_10,路口铺门站,A110907,X0_6101,A套调压系统入口电动阀开控制,BOOL,,是,是,,,,,,,,,,,,,,,,,,,,,,,,,,,,,,,,,,,,,,%MX47.2,3379
128,LK710,DO,无源,常开,2_8_DO_11,路口铺门站,A110907,XC_6102,A套调压系统入口电动阀关控制,BOOL,,是,是,,,,,,,,,,,,,,,,,,,,,,,,,,,,,,,,,,,,,,%MX47.3,3380
129,LK710,DO,无源,常开,2_8_DO_12,路口铺门站,A110907,X0_6201,B套调压系统入口电动阀开控制,BOOL,,是,是,,,,,,,,,,,,,,,,,,,,,,,,,,,,,,,,,,,,,,%MX47.4,3381
130,LK710,DO,无源,常开,2_8_DO_13,路口铺门站,A110907,XC_6202,B套调压系统入口电动阀关控制,BOOL,,是,是,,,,,,,,,,,,,,,,,,,,,,,,,,,,,,,,,,,,,,%MX47.5,3382
131,LK710,DO,无源,常开,2_8_DO_14,路口铺门站,A110907,X0_1202,出站放空电动阀开控制,BOOL,,是,是,,,,,,,,,,,,,,,,,,,,,,,,,,,,,,,,,,,,,,%MX47.6,3383
132,LK710,DO,无源,常开,2_8_DO_15,路口铺门站,A110907,XC_1202,出站放空电动阀关控制,BOOL,,是,是,,,,,,,,,,,,,,,,,,,,,,,,,,,,,,,,,,,,,,%MX47.7,3384
133,LK710,DO,无源,常开,2_9_DO_0,路口铺门站,A110907,YLDW2_9_DO_0,2_9_DO_0预留点位,BOOL,,是,是,,,,,,,,,,,,,,,,,,,,,,,,,,,,,,,,,,,,,,%MX48.0,3385
134,LK710,DO,无源,常开,2_9_DO_1,路口铺门站,A110907,YLDW2_9_DO_1,2_9_DO_1预留点位,BOOL,,是,是,,,,,,,,,,,,,,,,,,,,,,,,,,,,,,,,,,,,,,%MX48.1,3386
135,LK710,DO,无源,常开,2_9_DO_2,路口铺门站,A110907,YLDW2_9_DO_2,2_9_DO_2预留点位,BOOL,,是,是,,,,,,,,,,,,,,,,,,,,,,,,,,,,,,,,,,,,,,%MX48.2,3387
136,LK710,DO,无源,常开,2_9_DO_3,路口铺门站,A110907,YLDW2_9_DO_3,2_9_DO_3预留点位,BOOL,,是,是,,,,,,,,,,,,,,,,,,,,,,,,,,,,,,,,,,,,,,%MX48.3,3388
137,LK710,DO,无源,常开,2_9_DO_4,路口铺门站,A110907,YLDW2_9_DO_4,2_9_DO_4预留点位,BOOL,,是,是,,,,,,,,,,,,,,,,,,,,,,,,,,,,,,,,,,,,,,%MX48.4,3389
138,LK710,DO,无源,常开,2_9_DO_5,路口铺门站,A110907,YLDW2_9_DO_5,2_9_DO_5预留点位,BOOL,,是,是,,,,,,,,,,,,,,,,,,,,,,,,,,,,,,,,,,,,,,%MX48.5,3390
139,LK710,DO,无源,常开,2_9_DO_6,路口铺门站,A110907,YLDW2_9_DO_6,2_9_DO_6预留点位,BOOL,,是,是,,,,,,,,,,,,,,,,,,,,,,,,,,,,,,,,,,,,,,%MX48.6,3391
140,LK710,DO,无源,常开,2_9_DO_7,路口铺门站,A110907,YLDW2_9_DO_7,2_9_DO_7预留点位,BOOL,,是,是,,,,,,,,,,,,,,,,,,,,,,,,,,,,,,,,,,,,,,%MX48.7,3392
141,LK710,DO,有源,常开,2_9_DO_8,路口铺门站,A110907,X0_1101,进站紧急切断阀开控制,BOOL,,是,是,,,,,,,,,,,,,,,,,,,,,,,,,,,,,,,,,,,,,,%MX49.0,3393
142,LK710,DO,有源,常开,2_9_DO_9,路口铺门站,A110907,XC_1101,进站紧急切断阀关控制,BOOL,,是,是,,,,,,,,,,,,,,,,,,,,,,,,,,,,,,,,,,,,,,%MX49.1,3394
143,LK710,DO,有源,常开,2_9_DO_10,路口铺门站,A110907,X0_1201,出站紧急切断阀开控制,BOOL,,是,是,,,,,,,,,,,,,,,,,,,,,,,,,,,,,,,,,,,,,,%MX49.2,3395
144,LK710,DO,有源,常开,2_9_DO_11,路口铺门站,A110907,XC_1201,出站紧急切断阀关控制,BOOL,,是,是,,,,,,,,,,,,,,,,,,,,,,,,,,,,,,,,,,,,,,%MX49.3,3396
145,LK710,DO,有源,常开,2_9_DO_12,路口铺门站,A110907,YLDW2_9_DO_12,2_9_DO_12预留点位,BOOL,,是,是,,,,,,,,,,,,,,,,,,,,,,,,,,,,,,,,,,,,,,%MX49.4,3397
146,LK710,DO,有源,常开,2_9_DO_13,路口铺门站,A110907,YLDW2_9_DO_13,2_9_DO_13预留点位,BOOL,,是,是,,,,,,,,,,,,,,,,,,,,,,,,,,,,,,,,,,,,,,%MX49.5,3398
147,LK710,DO,有源,常开,2_9_DO_14,路口铺门站,A110907,YLDW2_9_DO_14,2_9_DO_14预留点位,BOOL,,是,是,,,,,,,,,,,,,,,,,,,,,,,,,,,,,,,,,,,,,,%MX49.6,3399
148,LK710,DO,有源,常开,2_9_DO_15,路口铺门站,A110907,YLDW2_9_DO_15,2_9_DO_15预留点位,BOOL,,是,是,,,,,,,,,,,,,,,,,,,,,,,,,,,,,,,,,,,,,,%MX49.7,3400
